{"cameraMode":{"drawMode":0,"name":"Shaded","section":"Shading Mode"},"sceneLighting":true,"audioPlay":false,"sceneViewState":{"showFog":true,"showMaterialUpdate":false,"showSkybox":true,"showFlares":true,"showImageEffects":true,"showParticleSystems":true},"in2DMode":false,"pivot":{"x":-36.34446334838867,"y":-42.961036682128909,"z":2.3335766792297365},"rotation":{"x":0.1894480586051941,"y":-0.7773805260658264,"z":0.2767384946346283,"w":0.5321725010871887},"size":53.05088424682617,"orthographic":false}