{"cameraMode":{"drawMode":0,"name":"Shaded","section":"Shading Mode"},"sceneLighting":false,"audioPlay":false,"sceneViewState":{"showFog":true,"showMaterialUpdate":false,"showSkybox":false,"showFlares":true,"showImageEffects":true,"showParticleSystems":true},"in2DMode":false,"pivot":{"x":-0.005079984664916992,"y":0.012335509061813355,"z":0.14059102535247804},"rotation":{"x":0.040477994829416278,"y":0.730198085308075,"z":-0.04342301934957504,"w":0.6806543469429016},"size":1.7010877132415772,"orthographic":false}