{"cameraMode":{"drawMode":0,"name":"Shaded","section":"Shading Mode"},"sceneLighting":true,"audioPlay":false,"sceneViewState":{"showFog":true,"showMaterialUpdate":false,"showSkybox":false,"showFlares":true,"showImageEffects":true,"showParticleSystems":true},"in2DMode":false,"pivot":{"x":5.770000457763672,"y":4.770000457763672,"z":16.360000610351564},"rotation":{"x":0.035419169813394549,"y":-0.9448145031929016,"z":0.10903928428888321,"w":0.3069087564945221},"size":41.766239166259769,"orthographic":false}